name,price,manufacturer
"Apple Mac Mini Desktop (Late 2020): M1, 16GB RAM, 256GB SSD",$799,Adorama
"Lenovo ThinkBook 13s G2: 13.3"" QHD+ IPS, i5-1135G7, 16GB LPDDR4X, 512GB PCIe SSD, Thunderbolt 4, Win10P @ $674 + F/S at Lenovo",$674,Lenovo
"27"" Dell S2721DGF 1440p 165Hz FreeSync IPS Monitor",$310,eBay
Up to 50% off Razer Inputs and Video Game Accessories at Amazon,,Amazon
"Lenovo IdeaPad Gaming 3 Laptop: 15.6"" FHD 120Hz IPS, Ryzen 5 5600H, 8GB DDR4, RTX 3050, 512GB PCIe SSD, Win10H @ $749 + F/S",$749,Walmart
Up to 40% off Logitech Gaming in Amazon dotd,,Amazon
"FIODIO Wired Gaming Keyboard and Mouse Combo, RGB Rainbow Backlit Ergonomic Keyboards with 104 Multimedia Keys Wrist Rest $4.2",$4.20,Amazon
Intel Core i9 12900K Unlocked 16-Core 3.2GHz Desktop Processor $549.99 in-store only,$549.99,Micro Center
Cooler Master Hyper 212 Black Edition CPU Cooler Heatsink Fan LGA1151 AM4 $18 AR Amazon.com,$17.99,Amazon
"Costco Members: $50 Roblox Game Card $40, $100 Roblox Game Card (Email Delivery)",$80,Costco Wholesale
"2021 TurboTax Premier free for some Fidelity customers (Premium Services, Active Traders, Private Client), YMMV",,Fidelity
"PNY Technologies CS900 1TB SATA III 2.5"" Internal SSD $60 free shipping",$59.99,Adorama
500GB WD Blue SN550 NVMe SSD @Newegg $40,$40,Newegg
Microsoft Surface Duo 256GB (AT&T Locked) - $379.99 at Woot for Prime Members Only,$379.99,Woot!
16GB (2x 8) G.SKILL Ripjaws V Series DDR4 3600 Desktop RAM kit @Newegg $55,$55,Newegg
HP Omen 16 AMD 5800H RTX 3070 QHD $1455.35,,HP
512GB Apple iPad Pro 12.9 M1 Chip Wi-Fi 5 (Silver Mid 2021) $1269 + free s/h at Adorama,"$1,269",Adorama
Intel Core i7-12700K Alder Lake 3.6GHz $299 microcenter in store,$299,Micro Center
MSI Optix G273 27” 165 hz monitor - $169.99 Costco,$169.99,Costco Wholesale
Qnap QHora-301W AX3600 Wi-Fi Router w/ 2 10GbE NAS Ports $200 + free s/h Adorama,$199.99,Adorama
OWC has the 18.0TB WESTERN DIGITAL ULTRASTAR DC HC550 SATA Data Center Class Hard drive - 5yr warranty free s&h $348.75,$348.75,Other World Computing
AMD Ryzen 7 5700G 3.8Ghz 8-Core Processor w/ Wraith Stealth Cooler,$270,Micro Center
HP 13.3 Envy 13-ba1063cl Laptop Costco i5 16gb 512gb Backlit keyboard Touchscreen 1080p $649.99,$649.99,Costco Wholesale
"ASUS - 14"" Touch-Screen Laptop Ryzen 5, 8GB RAM 256GB SSD - Silver $500",$500,Best Buy
"LG 32GN650-B Ultragear Gaming Monitor 32” QHD (2560 x 1440) Display, 165Hz Refresh Rate, $266.99",$266.99,Amazon
SteelSeries Aerox 3 Wireless Optical Gaming Mouse w/ Ultra-lightweight Design (Black) $60 + Free Curbside Pickup at Best Buy or FS,$60,Best Buy
512GB SanDisk Ultra USB 3.0 Flash Drive,$43,B&H Photo Video
1TB WD_BLACK SN850 M.2 2280 NVMe PCIe Gen 4 x4 Internal SSD,$145,Newegg
Lenovo 10e Chromebook | Lenovo US $99,$99,Lenovo
"MacBook Air 13.3"" Laptop: M1 Chip, 2560x1600, 8GB RAM, 256GB SSD (Gold) Back in stock again at Costco $799.99",$799.99,Costco Wholesale
AMD Ryzen 9 5950X $669.99 at Microcenter,$669.99,Micro Center
Costco Members: Elgato Thunderbolt 3 Docking Station,$100,Costco Wholesale
Razer - Kraken Wired 7.1 Surround Sound Gaming Headset Green $39.99 Black $49.99,$39.99,Best Buy
"Intel Core i5-12600K Alder Lake - $229, i7 - 12700K - $299",$229,Micro Center
G.SKILL Ripjaws Series 32GB DDR4 3200 Laptop Memory $94.99,$94.99,Newegg
"Acer 27"" Class WQHD FreeSync IPS Monitor Model CB272U smiiprx 2560 x 1440, 75Hz, 1ms, $199.99",$199.99,Costco Wholesale
HUANUO Adjustable Lap Desk with Cooling Fan Fits 15.6 Inch Laptops  $19.99 + Free Shipping,$19.99,Amazon
Logitech Streamcam Plus Graphite (Web camera) $110.49,$110.49,GameStop
Razer Sphex V3 Hard Gaming Mouse Mat - Large $9.99,$9.99,Amazon
WD Red Pro NAS Hard Drive 18TB + FS $399.99,$399.99,Western Digital
RMx White Series RM750x 750 Watt 80 PLUS Gold Certified Fully Modular PSU - $99.99 + FS,$99.99,Corsair
Dolby Access App: Dolby Atmos Add-On for Headphones (PC/Xbox Digital),$10.50,Microsoft Store
Microsoft Surface Laptop Studio – 14.4” Touch Screen – Intel Core i5 -16GB Memory – 256GB SSD Platinum THR-00001 - $1299.99,"$1,299.99",Best Buy
Mobile Pixels portable laptop LCD Costco bundle $279.99,$279.99,Costco Wholesale
Angelbird AV PRO SE CFexpress Type-B 512GB Memory Card $180 w/ Free Ship (Adorama),$180,Adorama
Logitech G920 Driving Force Racing Steering Wheel - Xbox One/PC - $239/AC at Nebraska Furniture Mart,,Nebraska Furniture Mart
"Costco Members: 32"" LG 32QN55T-B.AUS QHD 2560x1440 75Hz IPS FreeSync Monitor $199.99 + Free Shipping via Costco",$199.99,Costco Wholesale
"Comgrow Creality 3D Printer End of Year Sale, Free shipping No tax $169.99 Ender 3v2 and more",$169.99,
NETGEAR Orbi Pro WiFi 6 Tri-band Mesh System (SXK80) $509.99,$509.99,Amazon
12-Month Microsoft 365 Family w/ H&R Block $70 or AVG Internet Security 2021,$60,Newegg
SSUPD Meshlicious Mini-ITX Small Form Factor (SFF) Case (w/ PCIe 3.0 Riser Cable) for $87.99 w/ FS,$87.99,Newegg
"HP 15.6"" Touchscreen Laptop with Windows Home in S Mode Intel Pentium Processor 8GB RAM 256GB SSD Storage – Silver (15-dy2005tg) - $350",$350,Target
Seasonic 80Plus Gold Power Supplies 500W-650W $25-$40 FS at Newegg,$34.99,Newegg
2TB AData XPG GAMMIX S70 Blade NVMe Gen4 SSD $250,$250,
ASUS ROG SWIFT 360Hz PG259QN Gaming Monitor for $399.99 w/ FS,$399.99,Newegg
TP-Link Deco W2400 Mesh WiFi 2-Pack Refurbished $49.99 (Extend Existing TP-Link Mesh),$49.99,B&H Photo Video
1TB Intel 670p NVMe SSD @Newegg $83,$83,Newegg
EVGA Z12 RGB Gaming Keyboard $19.99,,EVGA
Select iPad Pro 12.9 inch latest gen (mid 2021) $200 off at Micro Center - Pick up in store only,$999.99,Micro Center
"Lenovo Flex 5 2-in-1 Touchscreen Laptop: 14"" FHD, Ryzen 7 5700U, 512GB SSD",$650,Costco Wholesale
1TB Western Digital My Passport USB 3.2 Gen2 SSD @Newegg $110,$110,Newegg
"1TB SAMSUNG 870 EVO 2.5"" SSD @Newegg $108",$108,Newegg
"Sandisk Ultra SATA III Interal SSD's: 1TB $80, 2TB $150 + free s/h at B&H Photo",$80,B&H Photo Video
Super Flower Leadex Platinum Special Edition 1000W Full Modular Power Supply for $159.99 w/ FS after Code,$159.99,Newegg
Luminar Neo for $49,$49,Skylum Luminar
Western Digital WD Black SN750 NVMe 2TB PCIe Gen 3 x4 Solid State Drive (3500 Read 3000 Write)$200 + Free Shipping,$200,Best Buy
"$399.99 - Lenovo IdeaPad 3i 15ITL6 15.6"" IPS Touchscreen Laptop - i5-1135G7; 8GB DDR4-3200 RAM (expandable); 256GB NVMe SSD, Backlit (Microcenter - In Store Only)",$399.99,Micro Center
"EVGA 500W Bronze Power Supplies BA Non-modular $30, BQ Semi-modular $35, 700W BQ $50 650W Platinum $90",$30,Best Buy
"HP - 17.3"" Laptop - AMD Ryzen 5 - 8GB Memory - 256GB SSD - Natural Silver $450 FS or Store Pickup",,Best Buy
"Back to $349.99: Asus VivoBook 15 laptop (i3 version): 15.6"" 1080p, i3-1115G4, 8GB RAM, 256GB SSD",$349.99,Office Depot and OfficeMax
Klipsch ProMedia 2.1 Bluetooth Computer Speakers,$84,Walmart
ASUS PRIME Z590-A LGA 1200 ATX Intel Motherboard + Intel Core i7-11700K Desktop Processor (COMBO) for $499.87 w/ FS,$499.87,Newegg
ADATA XPG S7 Series 1TB PCIe Gen 3 (3500/3000) x4 NVMe M.2 2280 Internal Solid State Drive $90,$90,Best Buy
NETGEAR Certified Refurbished Nighthawk Multi-Gig Speed Cable Modem DOCSIS 3.1 with Multi-IP support (CM1200) $90 after gift card+ Free Shipping $99.99,$99.99,Newegg
1TB XPG GAMMIX S70 Blade NVMe Gen4 SSD $130,$129.99,B&H Photo Video
TP Link X68 AX3600 Wifi 6 $40 off $239.97,$239.97,B&H Photo Video
"10 rolls of Sunlu 3D printer PETG filament 1.75mm (10x1kg, 22lbs in total) $99",$99,
WAVLINK UMD01 USB-C 4K Triple Display Multi-function Dock (+ $5 Newegg GC) for $52.99 w/ FS,$52.99,Newegg
"Lenovo Yoga Duet 7i, 13"" UHD touch, 450 nits, 16 GB ram, 1 TB SSD, $845.49",$845.49,Lenovo
"Dell Inspiron 15 3000 Laptop: 15.6"" 1080p, i3-1115G4, 4GB DDR4, 128GB NVMe - $329.99 (or Less w/ SD Cashback) + Free S/H",$329.99,Dell Home & Office
"Acer Swift 5 Touch Laptop: i7-1165G7, 16GB, 1TB SSD, 14"" 1080p, Intel Iris Xe $900 + free s/h at B&H Photo",$900,B&H Photo Video
"MSI GP66 Leopard 11UH 15.6"" 2 Laptops 2 models RTX 3080 16GB  Intel Core i7 11800H 1TB SSD $1749 and $1799 after $100 MIR","$1,799",Newegg
"Samsung Chromebook 4 11.6"", Intel Celeron N4020, 4GB RAM, 32GB SSD, Chrome OS, Platinum Titan, XE310XBA $119",$119,Walmart
Seasonic Focus PX-850 850W 80+ Platinum Fully Modular Power Supply for $110.99 after MIR w/ FS,$110.99,Newegg
Toshiba Canvio Basics 4TB External Hard Drive for $79.99 w/ FS after code,$79.99,Newegg
Microsoft Full Size Bluetooth Mechanical Keyboard w/ Mouse Bundle (Black or Glacier),$30,Best Buy
"ASUS® ZenScreen™ MB14AC 14"" FHD LED Portable Monitor $169.99 Sale Reg. $229.99",$169,Office Depot and OfficeMax
"Lenovo Ideapad 3i 15"" Laptop, Intel Pentium 7505, 4GB Memory, 256 SSD, Windows 11 Home (82H801EJUS) - In Store Only $249.99",$249.99,Staples
Corsair 4000D Airflow Tempered Glass Case (white) @Newegg $80,$80,Newegg
"Acer Nitro RG241Y Pbiipx 23.8"" IPS Gaming Monitor for $169.99 w/ FS",$169.99,Newegg
"Asus VivoBook 15 F513 Laptop: i5-1135G7, 15.6"" 1080p, 16GB DDR4, 256GB SSD",$500,Office Depot and OfficeMax
32GB (2x 16) Neo Forza FAYE DDR4 3600 Desktop RAM kit $100,$100,Newegg
"MSI GP66 Leopard 11UH-456 Gaming Laptop (i7-11800H, 16GB RAM, 1TB SSD, RTX 3080) for $1849 w/ FS after MIR","$1,849",Newegg
"27"" Sceptre E275B-QPT168 2560x1440 165Hz 1ms IPS FreeSync Monitor",$200,Amazon
"Lenovo Tab P11 Tablet 64GB/4GB for $189, 128GB/4GB for $209, 128GB/6GB for $279 - FS",,Lenovo
"ASUS ROG 13.4"" Touchscreen Gaming Laptop AMD Ryzen 9 16GB Memory NVIDIA RTX3050 Ti V4G Graphics 1TB SSD GV301QE-211.ZG13","$1,249.99",Best Buy
"8GB 6.8"" Kindle Paperwhite Kids w/ Cover (2021) + 1-Yr Amazon Kids+ Subscription",$120,Amazon
1000W Seasonic Focus GX-1000 80+ Gold Modular Power Supply @Neweg (AR) $117,$117,Newegg
1TB Sabrent Rocket NVMe 4.0 Gen4 SSD (w/HS) $150,$150,Amazon
1-Year Adobe Creative Cloud Photography Subscription (Email Delivery),$100,B&H Photo Video
4TB Crucial X6 SE Portable SSD $370,$370,Best Buy
2TB MSI SPATIUM m470 NVME SSD @Newegg (AR) $230,$230,Newegg
SanDisk Extreme 400GB microSD Card with Adapter. $49.99 Costco. Item: 4005050,$49.99,Costco Wholesale
Patriot Viper Steel 32GB (2 x16) $119,$119,Newegg
ASUS Blue Cave AC2600 Dual-Band Wireless Router @Newegg $65,$64.99,Newegg
"Lenovo Legion Slim 7 Gaming Laptop: Ryzen 7 5800H, 15.6"" FHD 165Hz, RTX 3060",$1200,eBay
"ASUS ROG Touch Laptop: Ryzen 9 5900HS, 13.4"" 120Hz, 1TB SSD, RTX 3050 Ti",$1250,eBay
CORSAIR MM350 PRO Premium Spill-Proof Cloth Gaming Mouse Pad Extended XL $20 Free Shipping/PIckup @ Bestbuy (MM300 for $15),$20,Best Buy
"ASUS ROG Zephyrus: 15.6"" QHD 165Hz, RTX 3070, Ryzen 9 5900HS, 16GB RAM, 1TB SSD",$1550,eBay
"(refurb) 27"" Acer Predator XB3 240Hz 1080p Gaming Monitor $200 + free s/h at Target",$200,Target
"SAMSUNG 980 PRO M.2 2280 2TB PCIe Gen 4.0 x4, NVMe 1.3c Samsung V-NAND Internal Solid State Drive (SSD) MZ-V8P2T0B/AM $296.99",$296.99,Newegg
Microsoft Surface Laptop Studio – 14.4” Touch Screen – Intel Core i5 -16GB Memory – 512GB SSD Platinum 9WI-00001 - $1499,"$1,499",Best Buy
"Office Depot: $800 Dell Inspiron 15 5515 Notebook, 15.6"" Screen, AMD Ryzen 7, 16GB Memory, 512GB Solid State Drive, Windows 11, I5515-A835SLV-PUS.",$800,Office Depot and OfficeMax
NETGEAR - Orbi RBK753S AX4200 WiFi 6 Mesh at Costco - $399.99,$399.99,Costco Wholesale
"Legion 5 Gen 6 Laptop: 17.3"" 1080p, Ryzen 7 5800H, 16GB RAM, 512GB SSD, RTX 3070",$1420,Lenovo
"MSI GL66 Gaming Laptop: 15.6""  Intel Core i7-11800H, NVIDIA GeForce RTX 3070, 16GB, 512GB SSD @Amazon Fast Free Delivery w PRIME  $1349.99","$1,349.99",Amazon
Western Digital 6TB WD Purple Surveillance Internal Hard Drive  - $140,$140,Amazon
"H&R Block 2021 Tax Software (Digital Download): Deluxe + State $15, Deluxe $5, Basic",Free,H & R Block
16GB (2x 8) G.SKILL Flare X Series DDR4 3200 CL14 Desktop RAM Kit @Newegg $94,$94,Newegg
Microsoft Sculpt Ergonomic Keyboard for Business (5KV-00001 ) - $54.99,$54.99,Amazon
Neo Forza MARS 32GB (2x16GB) 288-Pin DDR4 4400 RGB CL19 SDRAM Desktop Memory for $129.99 w/ FS,$129.99,Newegg
"GIGABYTE G24F 24"" 165Hz HDR FreeSync 1080P IPS Gaming Monitor for $159.99 w/ FS after MIR",,Newegg
"HP 15-ef1082nr 15.6"" Laptop Computer -Silver AMD Ryzen 3 3250U 2.6GHz Processor; 8GB DDR4-2400 RAM; 256GB Solid State Drive; AMD Radeon Graphics $299",$299,Micro Center
Canon imageCLASS MF242dw Multifunction Wireless Mobile-Ready Monochrome Laser Printer Walmart Local Pickup YMMV $99,$99,Walmart
eero 6 1 Router + 2 Add-Ons Dual-band Wi-Fi 6 - $181,$181,
"Acer ED270R Sbiipx 27"" Curved Full HD (1920 x 1080) 165Hz Monitor with AMD Radeon FreeSync Technology (Display Port & 2 x HDMI Ports) $192 - $192",$192,Walmart
Inspiron 15 Touchscreen - 1TB HD - 16GB RAM - 649.99 $649.99,$649.99,Costco Wholesale
LEVEN SSD 2TB 3D NAND TLC SATA III Internal Solid State Drive for $139.99 w/ FS,$139.99,Newegg
Apple Pencil (2nd Generation),$99,Amazon
2TB WD Black SN750 (w/HS) NVMe SSD @Newegg $207,$207,Newegg
H&R Block Deluxe 2021 Tax Software w efile (Windows/Mac) $9.95  or Deluxe + State $19.95,$9.95,
"2021 Apple iPad Pro 11"" 128GB for $699 and 256GB for $799.99",$799.99,Costco Wholesale
Amazon Basics Fiber Optic Cables 9.8 Feet (5 pack) $15.74,$15.74,Amazon
"Acer Chromebook 314 - CB314-1H-C66Z, 14"" HD Intel® Celeron® N4000 4GB LPDDR4 32GB Storage @Acer $180",$180,
"Lenovo Ideapad 3 Laptop: i5-1135G7, 15.6"" IPS Touchscreen, 12GB RAM, 256GB SSD",$450,Best Buy
"Lenovo Ideapad 3 Laptop: 15.6"" HD Touch Screen, Core i3-1115G4, 8GB RAM, 256GB SSD $350 + Free Curbside Pickup at Best Buy or FS",$350,Best Buy
"H&R Block 2021 Tax Software (Windows/Mac): Premium $30, Deluxe + State",$22,Newegg
"Acer 315 Chromebook Manufacturer Refurbished: Celeron N4020, 15.6"" 1080p IPS Touchscreen, 4GB RAM, 64GB eMMC $169.99",$169.99,
"ASUS ROG Strix XG438Q 43"" 4K 120Hz Backlit LED Gaming Monitor w/ Free ROG Gaming Mouse for $899.99 w/ FS",$899.99,Newegg
Seagate 16TB HDD Exos X16 7200 RPM 512e/4Kn SATA 6Gb/s 256MB Cache 3.5-Inch Enterprise Hard Drive (ST16000NM001G) $305.99,$305.99,Amazon
"HP ENVY 13.3"" Touchscreen Intel Evo Platform Laptop - 11th Gen Intel Core i7-1165G7 - 1080p - Windows 11 $799",$799,Costco Wholesale
"EPOMAKER SKYLOONG AK61 61 Keys Hot Swappable Programmable Mechanical Keyboard RGB PBT Keycaps, NKRO, IP6X Waterproof, Gateron Optical Blue, $37.5",$37.50,Amazon
"(refurb): TP-Link Archer A20 AC4000 Wireless Router $70, TP-Link Archer C5400X AC5400 Wireless Router $130 + free s/h at B&H Photo",$70,B&H Photo Video
"Costco Members: ASUS C424MA 14"" Chromebook: 1080p, N4020, 128GB Storage, 4GB RAM",$160,Costco Wholesale
New Micro Center Customers: Creality Ender 3 Pro 3D Printer,$100,Micro Center
Qnap TS-453D 4-Bay Diskless NAS @B&H $439,$439,B&H Photo Video
"MinisForum X500-5700G BareBone: Ryzen 7 5700G, 2xSODIMM, 1x M.2 2280 NVMe, 1x2242, 1x 2.5"", Dual 4K60Hz @ $669 + F/S",$669,Minisforum
"Microsoft Surface Pro 8: 13"" 2880x1920, i5-1135G7, 8GB RAM, 128GB SSD & More",$999 or Less,BuyDig
iClever GK15 Wireless Keyboard and Mouse Combo $13.49 + Free Shipping w/ Prime,$13.49,Amazon
"1TB PNY CS900 2.5"" SSD @Newegg $77",$77,Newegg
"Minisforum GK41 Mini PC: Celeron J4125, 8GB DDR4, 128GB PCIe SSD, HDMI 2.0/DP 1.2 (Dual 4K@60Hz), Win10Pro @ $249 + F/S",$249,Minisforum
Bitdefender Bit Defender End of Life Deal $9.98 for 1 year/5 PC,$9.98,BitDefender
YMMV - ELGATO STREAM DECK MINI Target IN-STORE Clearance $39.99 Your Mileage May Vary,$39.99,Target
"GIGABYTE M32U 32"" (31.5"" Viewable) Gaming Monitor[/url] for $749.99 after $50 Promo Code PREXMAS + FS",$749.99,Newegg
"Lenovo LEGION 5i Pro 16"" Gaming Laptop - 11th Gen Intel Core i7-11800H GTX 3050 $999.99",$999.99,Costco Wholesale
"Seasonic FOCUS GX-850, 850W 80+ Gold, Full-Modular Power Supply $89.99",$89.99,Amazon
Team 64GB microSDXC UHS-I/U1 Class 10 Memory Card w/ Adapter (TUSDX64GUHS03) $6 + Free Shipping,$6,Newegg
"Legion 5 Gen 6 Laptop: 17.3"", AMD Ryzen 5 5600H, 8GB RAM, 256GB SSD, RTX 3060 + SD Cashback + Free S/H Gaming Laptop $1119.99","$1,119.99",Lenovo
4TB WD Red Plus NAS Hard Drive @Newegg $75,$75,Newegg
"Costco in-store Dell XPS 8940 Desktop i7-11700, 32GB RAM, RTX 3060Ti, 512GB SSD + 1TB HDD $1299.99 YMMV","$1,299.99",Costco Wholesale
Seasonic Focus PX-750 750W 80+ Platinum Full-Modular Power Supply,$75,Newegg
"GIGABYTE AERO 15 OLED YD[15.6"" UHD 4K AMOLED, i7 11800H, GeForce RTX 3080, 16GB RAM, 1TB SSD] Gaming Laptop for $1899 w/ FS after MIR $1898.98","$1,898.98",Newegg
Western Digital 1TB WD Blue SN570 NVMe $89.99,$89.99,Amazon
"Costco - MSI Katana 15.6"" Laptop - 11th Gen Intel Core i7-11800H - GeForce RTX 3060 - 1080p - 144Hz - $1099","$1,099",Costco Wholesale
"GIGABYTE G5 KC Gaming Laptop [15.6"" FHD IPS Anti-Glare 144Hz, Intel Core i5-10500H, GeForce RTX 3060, 16GB RAM, 512GB SSD] for $999 w/ FS after MIR",$999,Newegg
"MSI Stealth GS 66 Laptop GeForce RTX 3070,32 GB Mem, $1,799 ($700 off) $1799","$1,799",Costco Wholesale
$160 LEVEN Portable SSD 2TB Aluminum External Solid State Drive SSD $159.99,$159.99,Amazon
"Lenovo G34w-10 [34"" UWQHD 3440 x 1440 (2K), 144Hz, AMD FreeSync Premium, VA Panel] Curved Gaming Monitor for $359.99 w/ FS",$359.99,Newegg
Crucial P2 1TB 3D NAND NVMe PCIe M.2 SSD for $82.99 w/ FS after Code,$82.99,Newegg
"Lenovo Ideapad 3 Laptop: i5-1135G7, 15.6"" IPS Touchscreen, 12GB RAM, 256GB SSD",$450,Best Buy
"Lenovo Ideapad 3 Laptop: 15.6"" HD Touch Screen, Core i3-1115G4, 8GB RAM, 256GB SSD $350 + Free Curbside Pickup at Best Buy or FS",$350,Best Buy
"H&R Block 2021 Tax Software (Windows/Mac): Premium $30, Deluxe + State",$22,Newegg
"Acer 315 Chromebook Manufacturer Refurbished: Celeron N4020, 15.6"" 1080p IPS Touchscreen, 4GB RAM, 64GB eMMC $169.99",$169.99,
Kingston Beast 3000MHz 8GB DDR4 Desktop Memory $29.99 + Free Shipping,$29.99,Kingston
"ASUS ROG Strix XG438Q 43"" 4K 120Hz Backlit LED Gaming Monitor w/ Free ROG Gaming Mouse for $899.99 w/ FS",$899.99,Newegg
Seagate 16TB HDD Exos X16 7200 RPM 512e/4Kn SATA 6Gb/s 256MB Cache 3.5-Inch Enterprise Hard Drive (ST16000NM001G) $305.99,$305.99,Amazon
"HP ENVY 13.3"" Touchscreen Intel Evo Platform Laptop - 11th Gen Intel Core i7-1165G7 - 1080p - Windows 11 $799",$799,Costco Wholesale
NETGEAR Orbi Home Mesh WiFi 2Pack System - Certified Refurbished - $150 + Free Shipping $149.99,$149.99,Deal Parade
Intel Core i3-10105 Core i3 10th Gen Comet Lake Quad-Core 3.7GHz LGA1200 65W Intel UHD Graphics630 Desktop Processor for $119.99 w/ FS after Code,$119.99,Newegg
Lenovo Go Cork Wireless Vertical Mouse $34,$34,Lenovo
"EPOMAKER SKYLOONG AK61 61 Keys Hot Swappable Programmable Mechanical Keyboard RGB PBT Keycaps, NKRO, IP6X Waterproof, Gateron Optical Blue, $37.5",$37.50,Amazon
"Neo Forza NFS01 2.5"" 960GB 3D TLC SATA III 2.5 inch SSD $66 free shipping",$66,Newegg
"(refurb): TP-Link Archer A20 AC4000 Wireless Router $70, TP-Link Archer C5400X AC5400 Wireless Router $130 + free s/h at B&H Photo",$70,B&H Photo Video
"Costco Members: ASUS C424MA 14"" Chromebook: 1080p, N4020, 128GB Storage, 4GB RAM",$160,Costco Wholesale
New Micro Center Customers: Creality Ender 3 Pro 3D Printer,$100,Micro Center
Qnap TS-453D 4-Bay Diskless NAS @B&H $439,$439,B&H Photo Video
"MinisForum X500-5700G BareBone: Ryzen 7 5700G, 2xSODIMM, 1x M.2 2280 NVMe, 1x2242, 1x 2.5"", Dual 4K60Hz @ $669 + F/S",$669,Minisforum
"Microsoft Surface Pro 8: 13"" 2880x1920, i5-1135G7, 8GB RAM, 128GB SSD & More",$999 or Less,BuyDig
iClever GK15 Wireless Keyboard and Mouse Combo $13.49 + Free Shipping w/ Prime,$13.49,Amazon
"1TB PNY CS900 2.5"" SSD @Newegg $77",$77,Newegg
"Minisforum GK41 Mini PC: Celeron J4125, 8GB DDR4, 128GB PCIe SSD, HDMI 2.0/DP 1.2 (Dual 4K@60Hz), Win10Pro @ $249 + F/S",$249,Minisforum
Bitdefender Bit Defender End of Life Deal $9.98 for 1 year/5 PC,$9.98,BitDefender
YMMV - ELGATO STREAM DECK MINI Target IN-STORE Clearance $39.99 Your Mileage May Vary,$39.99,Target
"GIGABYTE M32U 32"" (31.5"" Viewable) Gaming Monitor[/url] for $749.99 after $50 Promo Code PREXMAS + FS",$749.99,Newegg
"Lenovo LEGION 5i Pro 16"" Gaming Laptop - 11th Gen Intel Core i7-11800H GTX 3050 $999.99",$999.99,Costco Wholesale
"Seasonic FOCUS GX-850, 850W 80+ Gold, Full-Modular Power Supply $89.99",$89.99,Amazon
Team 64GB microSDXC UHS-I/U1 Class 10 Memory Card w/ Adapter (TUSDX64GUHS03) $6 + Free Shipping,$6,Newegg
"Inland Performance 2TB SSD PCIe Gen 4.0 NVMe 4 x4 M.2 2280 TLC 3D NAND Internal Solid State Drive, R/W Speed up to 5000MB/s and 4300MB/s, 3600 TBW $229.99 + F/S",$229.99,Amazon
"WD_BLACK 500GB SN750 SE NVMe Internal Gaming SSD Solid State Drive - Gen4 PCIe, M.2 2280, Up to 3,600 MB/s - WDS500G1B0E $49.99",$49.99,Amazon
"Legion 5 Gen 6 Laptop: 17.3"", AMD Ryzen 5 5600H, 8GB RAM, 256GB SSD, RTX 3060 + SD Cashback + Free S/H Gaming Laptop $1119.99","$1,119.99",Lenovo
G.SKILL Ripjaws V Series 16GB (2 x 8GB) kit (F4-3200C16D-16GVRB) for $54.99 + FS,$54.99,Newegg
AX4200 WiFi Mesh System (RBK752) Orbi Tri-Band WiFi 6 Mesh System- $329.99,$329.99,Netgear
4TB WD Red Plus NAS Hard Drive @Newegg $75,$75,Newegg
"Costco in-store Dell XPS 8940 Desktop i7-11700, 32GB RAM, RTX 3060Ti, 512GB SSD + 1TB HDD $1299.99 YMMV","$1,299.99",Costco Wholesale
be quiet! Dark Power 12 750W 80+ Titanium Fully Modular Power Supply for $139.90 w/ FS after code,$139.90,Newegg
Seasonic Focus PX-750 750W 80+ Platinum Full-Modular Power Supply,$75,Newegg
"GIGABYTE AERO 15 OLED YD[15.6"" UHD 4K AMOLED, i7 11800H, GeForce RTX 3080, 16GB RAM, 1TB SSD] Gaming Laptop for $1899 w/ FS after MIR $1898.98","$1,898.98",Newegg
"SanDisk 256GB microSDXC Card, Licensed for Nintendo Switch - 2 pack $50",$50,Costco Wholesale
Western Digital 1TB WD Blue SN570 NVMe $89.99,$89.99,Amazon
"Costco Members: LG Gram 15 Laptop: i5-1135G7, 15.6"" 1080p, 16GB DDR4, 512GB SSD",$750,Costco Wholesale
"Lenovo Ideapad 3i, 14.0"" FHD, Intel Core i5-10210U, 8GB, 512GB SSD, Platinum Grey, Windows 11 Home, 81WA00Q7US on Walmart.com for $449 + FS or P/U in store",$449,Walmart
Crucial Ballistix MAX 16GB Kit (2 x 8GB) DDR4-4000 Desktop Gaming Memory (Black) CL18 1.35V $76.99,$76.99,Crucial.com
1TB WD Blue SN550 NVMe PCIe M.2 2280 Solid State Drive,$79,Newegg
"Costco - MSI Katana 15.6"" Laptop - 11th Gen Intel Core i7-11800H - GeForce RTX 3060 - 1080p - 144Hz - $1099","$1,099",Costco Wholesale
"GIGABYTE G5 KC Gaming Laptop [15.6"" FHD IPS Anti-Glare 144Hz, Intel Core i5-10500H, GeForce RTX 3060, 16GB RAM, 512GB SSD] for $999 w/ FS after MIR",$999,Newegg
"MSI Stealth GS 66 Laptop GeForce RTX 3070,32 GB Mem, $1,799 ($700 off) $1799","$1,799",Costco Wholesale
$160 LEVEN Portable SSD 2TB Aluminum External Solid State Drive SSD $159.99,$159.99,Amazon
"Lenovo G34w-10 [34"" UWQHD 3440 x 1440 (2K), 144Hz, AMD FreeSync Premium, VA Panel] Curved Gaming Monitor for $359.99 w/ FS",$359.99,Newegg
Ivacy VPN: 5 year or Lifetime $35.00 2TB storage w/ coupon via stacksocial.com,$39.99,Ivacy VPN
"Costco: HP Envy, 13.3 1080, i7 11th, windows 11, $799 (member price)",$799,Costco Wholesale
Wacom Intuos Pro Creative Medium Tablet + 12-Month Adobe Creative Cloud Photography,$249,B&H Photo Video
"Lenovo Ideapad Flex 5 2-in-1 Touch Laptop, 14"" FHD, Ryzen 3, 4GB RAM, 128GB SSD",$349,Walmart
Western Digital 1TB WD Blue SN550 NVMe Internal M2 SSD  with C&C coupon $78.99,$78.99,Amazon
GIGABYTE B560 HD3 LGA 1200 ATX Intel Motherboard for $89.99 w/ FS,$89.99,Newegg
Belkin RT3200 AX3200 WiFi6 802.11ax Router (OpenWRT Compatiable) - $79.99 with FS,,Belkin
"MSI Optix 27"" Class FHD IPS Gaming Monitor $199.99",$199.99,Costco Wholesale
Crucial Ballistix RGB 3600 MHz DDR4 DRAM 16gb 8x2 $72.99,$72.99,Amazon
WD BLACK 500GB SN750 SE NVMe™ SSD Battlefield™ 2042 PC Game Code Bundle $89,$89,Walmart
Microsoft - Sculpt Comfort Wireless Optical Mouse - Black $14.99 Free Pickup,$14.99,Best Buy
Crucial Ballistix Max RGB 16GB (2 x 8GB) DDR4-4400 PC4-35200 CL19 Dual Channel Desktop Memory Kit BLM2K8G44C19U4BL - Black - Micro Center $81.99,$81.99,Micro Center
750W be quiet! Straight Power 11 80Plus Platinum Power Supply $99.9,$99.90,Newegg
be quiet! 250W TDP Dark Rock Pro 4 CPU Cooler (+ $5GC) $69.90@Newegg,$69.90,Newegg
1TB Western Digital WD Blue SN550 NVMe SSD @Newegg $79,$79,Newegg
OLOy 64GB (2 x 32GB) 288-Pin DDR4 SDRAM DDR4 3600 / CL18 Desktop Memory for $209.99 w/ FS,$209.99,Newegg
"32"" Dell S3222DGM 1440p 165Hz 1ms VA Curved FreeSync Monitor $300",$300,Dell Home & Office
"HP OMEN 27"" IPS LED QHD FreeSync & G-Sync Compatible Gaming Monitor (DisplayPort, HDMI, USB) Shadow Black OMEN 27i - $369.99",$369.99,Best Buy
"HP Victus 16t Laptop: 16.1"" FHD 144Hz, i5-11400H, RTX 3050 Ti, 8GB RAM, 256GB SSD",$760,HP
"Asus VivoBook 15: 15.6"" 1080p, i3-1115G4, 8GB RAM, 256GB SSD",$350,Office Depot and OfficeMax
"500W EVGA 500 GD, 80+ Gold Power Supply $40",$40,Amazon
Network Analyzer Pro (Android App),$1,Google Play
Microsoft Bluetooth Mouse Pastel Blue $10.79 FS w/Prime,$10.79,Amazon
Fractal Design Vector RS Dark Tinted TG ATX Mid Tower Case $135 $134.99,$134.99,Newegg
Crucial Ballistix Max RGB 16GB (2 x 8GB) DDR4-4400 PC4-35200 - $81.99,$81.99,Micro Center
Netgear Orbi SXK80 Series Sale: SXK80-100NAS $580 after promo code $& More $579.99,$579.99,Newegg
Creality Cr-10 Smart 3D printer clearance (new in box) free shipping no tax $459,$459,
"MSI Optix G272 27"" 1080p 144Hz 1ms IPS FreeSync Gaming Monitor @ $174 + F/S at Walmart",$174,Walmart
"ASUS AX6000 WiFi 6 Cable Modem Dual Band, DOCSIS 3.1 Wireless Router Combo (CM-AX6000) for $269.99 w/ FS after Code",$269.99,Newegg
TP-Link AX5400 Dual Band Wifi 6 Router $150,$150,Amazon
Team T-Force Delta RGB 16GB DDR4 3200 CL16 Desktop Memory for $62.99 w/ FS $62.97,$62.97,Newegg
be quiet! Dark Rock 4 CPU Cooler with Silent Wings $57.4,$57.40,Newegg
"Lenovo Yoga 6 2-in-1 Laptop: Ryzen 7 5700U, 13.3"" 1080p, 16GB DDR4, 512GB SSD",$750,Best Buy
"Prometheus XVI Ryzen 9 NVIDIA RTX 3080 16.0"" 16:10 165Hz QHD HDR 2560x1600, 16gb RAM, 512gb NVME hd Gaming Laptop $1999.91 at Eluktronics","$1,999.91",
"28"" Acer Nitro VG281K bmiipx UHD LED Gaming Monitor for $229",$229,Office Depot and OfficeMax
"HP 15-ef1082nr 15.6"" Laptop Computer -Silver; AMD Ryzen 3 3250U 2.6GHz Processor; 8GB DDR4-2400 RAM; 256GB Solid State - $349.99",$349.99,Micro Center
"24"" ASUS VG248QG 1080p 165Hz G-Sync Gaming Monitor $169.99 + FS @ Gamestop",$169.99,GameStop
"Sabrent SSDs: Gen4 TLC: 2TB $245, 1TB $110.50, Gen3 QLC: 2TB $170, 1TB",$85,Amazon
TP-link Archer AX55 AX3000 Dual Band Gigabit Wi-Fi 6 Router $109.99,$109.99,Amazon
"Gateway Ultra Slim Notebook: 14.1"" 1080p, i5-1135G7, 16GB RAM, 512GB SSD",$429,Walmart
"3 Pack - PNY 64GB Elite-X Class 10 U3 V30 microSDXC 100MB/s, Class 10, U3, V30, A1, 4K UHD, Full HD, UHS-I $21.99",$21.99,Amazon
Target-Microsoft Bluetooth Mouse Forest Camo - Wireless Connectivity - Bluetooth Connectivity - Swift Pair for easy pairing - 33ft Wireless Range - $15.99,$15.99,Target
"GIGABYTE G27Q 27"" 144Hz 1440P Gaming Monitor, 2560 x 1440 IPS Display, 1ms (MPRT) Response Time, 92% DCI-P3, VESA Display HDR400, FreeSync Premium $259.99",$259.99,Newegg
"NinjaTek TPU Filaments, 1.75mm, Many are 41% OFF = Most are $18.00 for SAS",$18,Amazon
"Costco Members: Apple Mac Mini w/ M1 Chip, 256GB SSD, 8GB RAM (Late 2020 Model)",$570,Costco Wholesale
"AsusTUF i5, RTX 3050, 8GB, 512GB SDD $799",$799,Walmart
Lenovo Thinkpad 11e Yoga Gen 6 (11'') $350,$350,Lenovo
Creality CR-10 Smart Comgrow $319.00 shipped USA $319.00,$319,
"Gigabyte AORUS 15P YD: 15.6"" FHD 300Hz, i7-11800H, 32GB DDR4, RTX 3080, 1TB Gen 4 PCIe SSD, Win10H @ $1899 + F/S","$1,899",Newegg
ASUS RP-AC1900 AC1900 Dual Band Wi-Fi Range Extender / AiMesh Extender $83,$83,Newegg
Gaming Mouse Pad With Non-slip Base and Stitched Edge for $7.99 + Free Shipping,$7.99,Slashare
Dell active stylus PN350M $26.99,$26.99,Walmart
"Logitech G MX518 16,000 DPI 8-Button Wired Optical Gaming Mouse",$20,Best Buy
Apple Smart Folio for iPad Mini (2021) $39.99 - white,$39.99,Walmart
Dual and Triple Monitors Trio Mobile Pixels Free shipping @ Mobilepixels $205.99,$205.99,
Acer ConceptD 3 Ezel 2-in-1 Laptop $1099.00,"$1,099",B&H Photo Video
WD_BLACK 2TB SN750 NVMe SSD w/Heatsink - Gen3 PCIe $220 free shipping,$220,Amazon
"Amazon (Prime) has ADATA Legend 840 1TB PCIe Gen4 x4 NVMe Up to 5,000 MB/s (ALEG-840-1TCS) - $109 after $40 coupon",$109,Amazon
Hyperx Quadcast S USB microphone for $119 + free shipping from official hyperx store,$119,
MSI Stealth GS66 Laptop - 11th Gen Intel Core i9-11900H - GeForce RTX 3070 - 240Hz - 2560 x 1440 $1999.99,"$1,999.99",Costco Wholesale
Cooler Master AMD Wraith Ripper ThreadRipper TR4 High Performance CPU Air Cooler RGB $29.99 AR FS,$29.99,Newegg
Seasonic FOCUS GM-650 650W 80+ Gold Power Supply @Newegg (AR) $49,$49,Newegg
"~3 hrs left: EASEUS All-in-One Bundle Lifetime License (Free Upgrades), incl. Data Recovery Pro, Backup, PC Trans, Partition Master, Disk Copy",$100,EaseUs
"20lbs of COEX 3D Printer Filament (PLA, PETG, PLA+, ABS, Flex, You Name It) for $157.47",$157.47,
Huion Kamvas 16 (2021 model) $402 - $103 coupon $299,$299,Amazon
AMD Ryzen 5 5600X Vermeer 3.7GHz 6-Core Processor - In store only Microcenter $249.99,$249.99,Micro Center
Poly Plantronics Speakerphone and Polycom Video Cyber Week Deals $89,$89,
128GB Samsung Pro Endurance U1 microSDXC Memory Card w/ Adapter,$19,Best Buy
1000W EVGA SuperNova P3 80+ Platinum Power Supply @Newegg (AR) $160,$160,Newegg
HP EX950 1TB NVMe Gen 3 SSD - $93.49,$93.49,Amazon
Lenovo 10e Chromebook Tablet Keyboard Folio Case - US English $28.49,$28.49,Lenovo
Intel Core i7-11700K Rocket Lake 3.6GHz Eight-Core LGA 1200 Processor - In store only Microcenter $249.99,$249.99,Micro Center
"FastestVPN Lifetime Subscription for 20 Logins, Plus 2TB Cloud Storage and Password Manager $16.60",$16.60,Daily Steals
Elgato Key Light Air (2-pack) for $198 + tax w/ FS @ corsair.com,$198,Corsair
Cyber Monday - Time for Smart Savings @ Dell - Save up to 50% off!,,Dell Technologies
"PIA VPN 3 yr plan $79; Existing PIA customers, $69 after $10 coupon. YMMV - $79",$79,Private Internet Access
TP-Link Archer A20 AC4000 Wireless Tri-Band Gigabit Router + $10 B&H E-Gift Card $110 + free s/h,$110,B&H Photo Video
QNAP TS-653D-4G 6 Bay NAS @ Amazon for $549.99 (After Clipon Coupon),$549.99,Amazon
"Gigabyte G34WQC 34"" 21:9 FreeSync UWQHD 144Hz Gaming Monitor @Newegg  $449",$449,Newegg
"Lenovo Ideapad 5 Pro 14"" $800 Ryzen 7 5800U 16GB 512MB $799.99",$799.99,Micro Center
Photo Mechanic 6 on sale for $129 or $69 for upgrade,$129,
"32"" QHD Monitor with HDR support Monitors - LS32A600NWNXGO - $300",$300,Samsung
GeIL ORION RGB AMD Edition 32GB (2 x 16GB) 288-Pin DDR4 3200 CL18 - $93 AC @Newegg,$93,Newegg
"27"" LG 27GL850-B UltraGear QHD IPS 1ms LED FreeSync G-Sync Monitor $347 + Free Shipping",$347,Amazon
HP ENVY x360 Convertible Laptop-13z-ay100 ryzen 5 5600u 8gb DDR4 13.3&quot; touch 400 nits 1920x1080 256gb m2 HP tilt pen $649.99,$649.99,HP
PNY XLR8 CS3040 1TB M.2 NVMe Gen4 x4 SSD $125 or $130 with heatsink free shipping,$124.99,Best Buy
Edifier Big Sale. Free $120 W860NB ANC over ear headphones if you spend 200$,,
Apple Mac Mini M1 - 16GB Memory - 1TB SSD $1149 @ B&H (Cyber Monday savings $150),"$1,149",B&H Photo Video
Samsung EDU offer: PRO Endurance microSD Memory Card 128GB + FS  $18.04,$18.04,Samsung
MasterLiquid ML280 Mirror ARGB Close-Loop AIO CPU Liquid Cooler @Newegg $55 (AR)  or less,$55,Newegg
"27"" Odyssey G7 Gaming Monitor(2k,260hz,1ms response,HDR600,Freesync/Gsync) - $419.99 (+sales tax)  w/ Samsung Discount Program",$419.99,Samsung
"Seasonic FOCUS GX-750, 750W 80+ Gold, Full-Modular Power Supply SSR-750FX $90.99",$90.99,Amazon
Monoprice Cat6 75' ethernet cable $10.99 at Amazon,,Amazon
"be quiet! Straight Power 11 650W Platinum, 80 PLUS Platinum Modular Power Supply $74.90",$74.90,Newegg
"MOUNTUP $27.99 Pink Single Monitor Mount Adjustable Desk Arm for 17""-32"" Monitors with Clip Coupon + Free Shipping",$27.99,Amazon
Logitech G610 Orion Red Backlit Mechanical Gaming Keyboard - $59/99/FS @ Amz or Dell,,
Humble Bundle: Photo Editing to the Max Software Bundle (PC Digital Download),from $1,Humble Bundle
Razer Kraken V3 X Gaming Headset: 7.1 Surround Sound $44.99,$44.99,Amazon
G.SKILL Trident Z Neo Series 32GB (2 x 16GB) 288-Pin RGB CL16 16-19-19-39 / DDR4 3600 Desktop RAM $164.99,$164.99,Newegg
Verbatim USB-C Adaptor Hubs: 6-in-1 100W PD Hub Adapter + 6' Monster 4K HDMI Cable,$25,Amazon
Intel Core i7-12700K Alder Lake 3.6GHz Twelve-Core LGA 1700 Boxed Processor $349.99,$349.99,Micro Center
Thermaltake Water 3.0 LGA 2011-3 AM4 Support 280 Riing RGB Edition 140mm RGB PWM Fan AIO Liquid Cooling System 3 Year Warranty CL-W138-PL14SW-A $76.55,$76.55,Amazon
"Razer Blade 14"" 165hz with Nvidia 3070 $2000.99 at Microsoft Store","$2,000.99",Microsoft Store
"Costco: $150 Off ASUS 14"" C424MA Chromebook - FHD Celeron N4020 4GB RAM 128GB Storage $199",$199,Costco Wholesale
ASUS ROG STRIX GS-AX3000  AX3000 Dual Band Gaming Router @Newegg $165,$165,Newegg
"EVGA SuperNOVA 850 G6, 80 Plus Gold 850W, Fully Modular $99.99",$99.99,EVGA
TP-LINK Archer-C50-RB AC1200 Dual Band Wireless AC Router - Certified Refurbished - $19.99,$19.99,Deal Parade
Montech X2 MESH White ATX Mid-Tower Case w/ 3 LED Fans (pre-installed) $41.90,$41.90,Newegg
Select Walmart Stores: 1TB Toshiba Canvio Ready USB 3.2 Gen 1 Hard Drive,$25,Walmart
"Acer Nitro 5 AN515 Laptop: 15.6"" FHD 144Hz IPS, Ryzen 7 5800H, RTX 3060, 16GB DDR4, 512GB PCIe SSD, Win10H @ $1099.99 + F/S","$1,099.99",Acer
UDM Pro SE in Stock $499,$499,
TP-Link RE603X-RB AX1750 Wi-Fi 6 Range Extender - Certified Refurbished - $54.99,$54.99,Deal Parade
TP-Link Archer-C4000 Wireless AC4000 MU-MIMO Tri-Band Router - $99.99,$99.99,Deal Parade
Lenovo Select FHD Webcam -  $21.99 w/ Free Shipping @ Lenovo,$21.99,Lenovo
AMD Ryzen 9 5900X (Zen 3) 12-Core 3.7 GHz Socket AM4 105W Desktop Processor for $483.99,$483.99,Newegg
"YMMV Lenovo Chromebook Duet 10.1"" - $99.00",$99,Walmart
MSI Summit E13FlipEvo A11MT-023 notebook $1099,"$1,099",Newegg
Acer Predator GM3500 M.2 1TB SSD PCIe GEN 3.0 x 4 NVMe 1.4 - $90,$90,Amazon
QNAP TR-004-US 4 Bay USB Type-C DAS Expansion with Hardware RAID (Diskless) $175,,Newegg
Logitech C270 HD Webcam - $19.98 @ Amazon,$19.98,Amazon
PHI VILLA Ergonomic PU Leather High Back Computer Chair starts from $130+FS $140,$140,Alphamarts
Many EVGA power supplies on sale,,EVGA
OLOy Blade 16GB (2 x 8GB) 288-Pin RAM DDR4 3600 (PC4 28800) 14-14-14-34 & more,,Newegg
20% off Refurbished Products on Corsair.com with Promo Code: RF202,,Corsair
Multiple EVGA power supplies on sale,,EVGA
LIAN LI O11 AIR MINI Black or White (plus $10) $109.95,$109.95,Newegg
TP-Link RE315-RB AC1200 Dual-Band Wireless Mesh Wi-Fi Range Extender - Certified Refurbished - $17.99,$17.99,Deal Parade
"Amazon Tablets (Refurbished): 32GB Fire HD 8 Plus Tablet (2020 release, 10th Gen)",$45,Woot!
"Kano PC Pro Laptop Education Edition: Intel Celeron N4000, 11.6"", 64GB eMMC, 4GB RAM",$100,eBay
"SAMSUNG 32"" White M5 FHD Smart Monitor - Sam's Club $199",$199,Sam's Club
"870 qvo sata iii 2.5"" ssd 2tb $162",$162,Samsung
"Brookstone PhotoShare 14"" Smart Digital Picture Frame $50 off + Free Shipping $149.99",$149.99,
16gb (8x2) ddr4 3200Mhz G.Skill Ram for laptop $50,$50,Newegg
4-Pack Apple AirTags Item Location Trackers $86.97 + tax (if OOS online select In-Store pickup) YMMV at Walmart,$86.97,Walmart
"HP 15-DY2013DS Laptop, 15.6"" Touch Screen, Intel® Core™ i3, 8GB Memory, 256 Solid State Drive, Wi-Fi 6, Win 10 home $399.99",,Office Depot and OfficeMax
TP-Link RE205-RB AC750 750Mbps Wi-Fi Dual Band Range Extender - Certified Refurbished - $12.99,$12.99,Deal Parade
"Brookstone PhotoShare 10.1"" Frame + Free Photo Book Voucher (gift with purchase) $144.99 + Free Shipping",$144.99,
"Zagg Nomad book IPAD Detachable, Wireless Keyboard & Case with an Adjustable Fit, Black $19.99 shipped",,Zagg
"Gateway 15.6"" Ultra Slim Notebook (Refurb): i3-1115G4, 1080p, 256GB SSD, 8GB RAM",$249,Walmart
Microsoft Ergonomic Keyboard + Mouse - $49.99 w/ free shipping,$49.99,Amazon
TP-Link Archer-C20-RB AC750 Dual Band Wi-Fi Router - Certified Refurbished - $19.99,$19.99,Deal Parade
"LG Gram 17 inch Intel i7, 1tb nvme, 16gb RAM, Super lightweight 2.98lb,  ~19 hour battery, Thunderbolt 3, $1323 @ Newegg  / Adorama","$1,331.99",Newegg
25% off TechSmith Snagit and Camtasia and More $47.24,$47.24,TechSmith
Amazon Basics Dual Monitor Stand -$134.99,$134.99,Amazon
"OtterBox Defender Series Pro Case for Apple iPad 9th gen, 8th gen, and 7th gen - Black $67.45",$67.45,Walmart
Atari VCS Onyx Bundle game console / mini-pc- $279.99,$279.99,GameStop
"OtterBox Defender Series Pro Case for Apple iPad 9th gen, 8th gen, and 7th gen - Black $67.45",$67.45,Walmart
Atari VCS Onyx Bundle game console / mini-pc- $279.99,$279.99,GameStop
Canon PIXMA TS3522 Wireless AIO Printer w/ Glossy Photo Paper,$39,Walmart
Dungeons & Dragons and other TTRPG digital tools - D&D Beyond and more,,Humble Bundle
PreSonus AudioBox 96 Studio Complete Hardware/Software Recording Kit,$150,Adorama
"27"" LG 27GN880-B UltraGear QHD Nano IPS 1ms 144Hz HDR Monitor w/ Ergo Stand",$319,BuyDig
Yoga 7i (15”) - Slate Grey | Lenovo US $930 $930,$930,Lenovo
Tex Shinobi (Thinkpad) Mechanical Keyboard @mechanical keyboards $166.5,$166.50,
Microsoft Bluetooth Mouse – Glacier $11.99 FS w/Prime,$11.99,Amazon
Patriot Viper Steel DDR4 16GB (2 x 8GB) 4400MHz @ XMP 2.0 enabled Tested Timings: 19-19-19-39 Performance Memory Kit - PVS416G440C9K $99.99,$99.99,Amazon
AdGuard Family Plan Lifetime Subscription (9 Devices),$18,StackSocial
HP Spectre x360 Convertible Laptop - 16t-f000 (39R27AV_1) $1079.99,"$1,124.99",HP
MOUNTUP Universal Freestanding Single Monitor Stand for max 32 inch Screen $16.79 + Free Shipping,$16.79,Amazon
Seagate BarraCuda 2TB Internal Hard Drive HDD – 3.5 Inch SATA 6Gb/s 7200 RPM 256MB Cache 3.5-Inch – Frustration Free Packaging $46.99,$46.99,Amazon
HP ENVY x360 Convertible Laptop - 15z-eu000 touch - Ryzen 5 5500U 8GB RAM - Starting at $649 plus 5% with Coupon $617.49,$617.49,HP
"~3 hrs left: EASEUS All-in-One Bundle Lifetime License (Free Upgrades), incl. Data Recovery Pro, Backup, PC Trans, Partition Master, Disk Copy",$100,EaseUs
"20lbs of COEX 3D Printer Filament (PLA, PETG, PLA+, ABS, Flex, You Name It) for $157.47",$157.47,
Huion Kamvas 16 (2021 model) $402 - $103 coupon $299,$299,Amazon
AMD Ryzen 5 5600X Vermeer 3.7GHz 6-Core Processor - In store only Microcenter $249.99,$249.99,Micro Center
Poly Plantronics Speakerphone and Polycom Video Cyber Week Deals $89,$89,
Intel Core i7-12700K Alder Lake 3.6GHz Twelve-Core LGA 1700 Boxed Processor - In Store Only MicroCenter $349.99,$349.99,Micro Center
128GB Samsung Pro Endurance U1 microSDXC Memory Card w/ Adapter,$19,Best Buy
1000W EVGA SuperNova P3 80+ Platinum Power Supply @Newegg (AR) $160,$160,Newegg
HP EX950 1TB NVMe Gen 3 SSD - $93.49,$93.49,Amazon
NETGEAR - Orbi RBK12 AC1200 Mesh WiFi System with Router and Satellite Extender $64 at Walmart YMMV,,Walmart
Microsoft 365 Personal 3 Months YMMV $6.99,$6.99,Microsoft Store
Lenovo 10e Chromebook Tablet Keyboard Folio Case - US English $28.49,$28.49,Lenovo
Intel Core i7-11700K Rocket Lake 3.6GHz Eight-Core LGA 1200 Processor - In store only Microcenter $249.99,$249.99,Micro Center
"FastestVPN Lifetime Subscription for 20 Logins, Plus 2TB Cloud Storage and Password Manager $16.60",$16.60,Daily Steals
Elgato Key Light Air (2-pack) for $198 + tax w/ FS @ corsair.com,$198,Corsair
Cyber Monday - Time for Smart Savings @ Dell - Save up to 50% off!,,Dell Technologies
"PIA VPN 3 yr plan $79; Existing PIA customers, $69 after $10 coupon. YMMV - $79",$79,Private Internet Access
Lenovo X1 Yoga 6th Gen with Bose Sport Earbuds (Bose Certified Refurbished) $1199,"$1,199",Lenovo
TP-Link Archer A20 AC4000 Wireless Tri-Band Gigabit Router + $10 B&H E-Gift Card $110 + free s/h,$110,B&H Photo Video
QNAP TS-653D-4G 6 Bay NAS @ Amazon for $549.99 (After Clipon Coupon),$549.99,Amazon
"Gigabyte G34WQC 34"" 21:9 FreeSync UWQHD 144Hz Gaming Monitor @Newegg  $449",$449,Newegg
WD_BLACK SN750 SE NVMe SSD Battlefield 2042 Game Bundle 1TB - $120 AC @Gamestop,$120,GameStop
"Lenovo Ideapad 5 Pro 14"" $800 Ryzen 7 5800U 16GB 512MB $799.99",$799.99,Micro Center
Photo Mechanic 6 on sale for $129 or $69 for upgrade,$129,
"32"" QHD Monitor with HDR support Monitors - LS32A600NWNXGO - $300",$300,Samsung
GeIL ORION RGB AMD Edition 32GB (2 x 16GB) 288-Pin DDR4 3200 CL18 - $93 AC @Newegg,$93,Newegg
"27"" LG 27GL850-B UltraGear QHD IPS 1ms LED FreeSync G-Sync Monitor $347 + Free Shipping",$347,Amazon
HP ENVY x360 Convertible Laptop-13z-ay100 ryzen 5 5600u 8gb DDR4 13.3&quot; touch 400 nits 1920x1080 256gb m2 HP tilt pen $649.99,$649.99,HP
i7 12700k $350,$350,Micro Center
Cooler Master SickleFlow 120 V2 ARGB 120mm Cooler Fan 3-pk@Newegg (AR) $35,$35,Newegg
Corsair iCUE 4000X RGB Tempered Glass Mid Tower Case @Newegg $110,$110,Newegg
Seasonic Focus PX-850 850W 80+ Platinum Modular Power Supply @Newegg (AR/AC) $110,$110,Newegg
Elgato Products 10% off Wave:3 $105 before tax,,Corsair
PNY XLR8 CS3040 1TB M.2 NVMe Gen4 x4 SSD $125 or $130 with heatsink free shipping,$124.99,Best Buy
Edifier Big Sale. Free $120 W860NB ANC over ear headphones if you spend 200$,,
Apple Mac Mini M1 - 16GB Memory - 1TB SSD $1149 @ B&H (Cyber Monday savings $150),"$1,149",B&H Photo Video
Samsung EDU offer: PRO Endurance microSD Memory Card 128GB + FS  $18.04,$18.04,Samsung
MasterLiquid ML280 Mirror ARGB Close-Loop AIO CPU Liquid Cooler @Newegg $55 (AR)  or less,$55,Newegg
HP Laptop -15t-dw300 $369.99 (was $599.99) + xtra 5% off accessories @ hp.com - Free Shipping,,HP
Babbel Language Learning: Lifetime Subscription (All Languages) $179,$179,StackSocial
"Lenovo IdeaPad Slim 9i 82D2000QUS 14"" Laptop $999",$999,Microsoft Store
NordVPN 72% OFF Black Friday,$79,NordVPN
"1-Year Quicken Home and Business (Windows/Mac Download) ""New Subscribers Only"" on sale for $39.99",$39.99,Newegg
Netgear CM1200 DOCSIS 3.1 Multi-Gig Cable Modem + FS $150,$150,B&H Photo Video
"Lenovo 10.1"" 2-in-1 Chromebook Duet 3 64GB $179 free shipping",$179,Office Depot and OfficeMax
Various Lenovo Laptop/Tablet Sleeves - starting at $6.39 Free Shipping,$6.39,Lenovo
2TB Portable SSD for $164.99,$164.99,GameStop
Samsung - Odyssey Gaming CRG5 Series 24” LED Curved FHD FreeSync Monitor - Black - Black $149.99,$149.99,Best Buy
"Firewalla (Cybersecurity Firewall For Home): Red @ 109, Blue @ 169, Blue+ @ 194, Gold @ 438 $109.99",$109.99,
Logitech Keys-To-Go - Keyboard - Bluetooth $44.99,$44.99,Dell Home & Office
Malwarebytes 50% to 60% Off $16,$16,Malwarebytes
Netgear Orbi AX1800 Whole Home Mesh System - Router and 3X Satellites $298.96,$298.96,Netgear
NETGEAR WAX204-100NAS AX1800 Dual Band Access Point @Newegg $59 plus free shipping,$59,Newegg
Wellbots - GRYPHON AX ADVANCED SECURITY AND PARENTAL CONTROL TRI-BAND MESH WIFI 6 SYSTEM $213 FS AC $213.3,$213.30,Wellbots
FastestVPN: Lifetime VPN Service Subscription (15 Multi Logins),$16.60,FastestVPN
1Password Password Manager $125 Gift Card for $99,$99,1Password
"Acer 315 Chromebook: Celeron N4020, 15.6"" 1080p Touchscreen, 4GB RAM, 64GB eMMC",$217,Walmart
Sabrent 4TB Rocket Q4 NVMe PCIe 4.0 M.2 2280  w/Heatsink (SB-RKTQ4-HTSS-4TB) - $599,$599,Amazon
Elgato Stream Deck MK.2 plus free faceplate $139,$139,Corsair
Cooler Master MasterLiquid ML120L V2 RGB AIO Liquid CPU Cooler @Newegg (AR) $45,$45,Newegg
SYNOLOGY RT2600ac Wi-Fi AC 2600 Gigabit Router @Newegg $160,$160,Newegg
Roon - 3 months for $1 until 11/29,,
"HP Omen 16z Laptop: 16.1"" QHD 165Hz IPS, Ryzen 7 5800H, RTX 3070, 16GB DDR4, 512GB PCIe SSD, Win11H @ $1466.99 + F/S","$1,466.99",HP
Creality Halot-One 3d resin printer $189,$189,Amazon
Amazon NETGEAR - R7000P-100NAS Nighthawk WiFi Router - AC2300 $109.99,$109.99,Amazon
"LG gram 16"" 2-in-1 Touchscreen Intel Evo Platform Laptop - 11th Gen Intel Core i7-1165G7 - WQXGA - 2560 x 1600 Display - Windows 11 $1199.97","$1,199.97",Costco Wholesale
Razer Huntsman Mini Optical Gaming Keyboard - $59.99 - Free shipping for Prime members - $59.99,$59.99,Woot!
"Inateck M.2 NVMe SSD Enclosure, USB 3.2 Gen 2, with 2 x Cable of Type A/Type C, $16.99, 35% Off",$16.99,Amazon
PrivateVPN $72 for 3 yrs. That's $2 a month.,,
"Inateck M.2 NVMe SSD Enclosure, USB 3.2 Gen 2, with 2 x Cable of Type A/Type C, $16.99, 35% Off",$16.99,Amazon
PrivateVPN $72 for 3 yrs. That's $2 a month.,,
"Lenovo ThinkPad X1 Yoga Gen 6 Intel (14"") $1389 Doorbuster","$1,389",Lenovo
Native Instruments MASSIVE X Software Synthesizer at Sweetwater $99.5,$99.50,Sweetwater Audio
"ViewSonic Gaming Monitor blowout sale | 27"" IPS 144hz for $200, 27"" 2K 144hz for $229, and more",$199.99,Newegg
"HP Sprocket Select Portable 2.3x3.4"" Instant Photo Printer $74.99 @ Amazon",$74.99,Amazon
Saitek X52 Flight Control System / HOTAS - $127.09 + FS at Office Depot,$127.09,Office Depot and OfficeMax
Samsung SSD T7 Touch AND  BAR Plus USB 3.1 Flash Drive 128GB Titan Grey $139.44,$139.44,Samsung
"iFixit black friday sale, up to 25% off some toolkits",,iFixit
ASUS RT-AX88U AX6000 Dual-Band Gigabit Router - BHPhotoVideo.com $259.99,$259.99,B&H Photo Video
Inateck Keyboard for iPad/iPad Pro/iPad Air with Hundreds of Backlight - From $25.99 – Up to 40% Off + Free Shipping,,Amazon
"AXM AXM-2768 Gaming Monitor [27"", AHVA, 2560 x 1440 (2K), 12 ms, 60 Hz] $173",$173,Newegg
"CORSAIR RM Series (2021), RM850, 850 Watt, 80 Plus Gold Certified, Fully Modular Power Supply - $111.99 + FS",$111.99,Amazon
B&H: Up to $210 Off Select ASUS Gaming Monitors + Free Shipping,,B&H Photo Video
Dell - Lowest Business Prices of the Year - Save up to 50% off!,,Dell Technologies
$30 off Logitech Circle View Doorbell & M100 Corded Mouse $177.98,$177.98,Logitech
AMD Ryzen 9 5900X 3.7 GHz 12-Core AM4 Processor $441 + Free Shipping - Newegg $441.15,$441.15,Newegg
50% Off Individuals or Families for the 1st Year at 1Password,,1Password
AirVPN Black Friday 2021 Sale - up to 74% off,,
"Corsair SF Series, SF450, 450 Watt, SFX, 80+ Platinum Certified, Fully Modular Power Supply (CP-9020181-NA) - $94.99 + FS",$94.99,Amazon
"GIGABYTE B550 AORUS PRO & AORUS PRO AC for $179.99, plus more AMD and Intel options",,Newegg
Crucial Ballistix 3200 MHz DDR4 DRAM Laptop Gaming Memory Kit 32GB (16GBx2) CL16 - $100 AC,$100,Newegg
"Lenovo Ideapad Slim 7i 14"" (1980 X 1080) IPS, 11th Gen Intel EVO i5-1135G7, 8GB memory, 512GB SSD $599",$599,Microsoft Store
The Black Friday Mega Lifetime Bundle: StackSkills + VPN Unlimited + Infosec4TC + Stone River $75,$75,StackSocial
Kingston Impact DDR4 Laptop Memory (2 x 8GB 3200 MHz) - $66.99 with FS @ Kingston & More $63.99,$63.99,Kingston
"Inateck Keyboard Case for iPad 10.2/10.5 inch - Detachable - $19.99, 50% Off",$19.99,Amazon
Keychron mechanical keyboards 20% off $35 - $72,$35,Amazon
"HYTE Revolt 3 Small Form Factor Premium ITX Computer Gaming Case with 700W 80+ Gold SFX Power Supply, White - $180",$180,Newegg
Dell Inspiron 15 Touchscreen Laptop - 11th Gen Intel Core i7-1165G7 - 1080p - Black 512GB PCIe NVMe M.2 Solid State Drive $649.98,$649.98,
MacBook Pro 16” Leather Sleeve $49.99,$49.99,Micro Center
"HP Pavilion Aero 13z-be000 (Ceramic White): 13.3"" FHD+ IPS, Ryzen 5 5600U, 16GB DDR4, 256GB PCIe SSD, Win11 @ $619.99 + F/S",$619.99,HP
"HP EDU: HP 15t Touchscreen Laptop: i7-1165G7, 15.6"" Touch, 16GB DDR4, 256GB SSD",$522.50,HP
QNAP TS-453D-4G-US Diskless nas  BLACK FRIDAY $439.99,$439.99,Newegg
iMazing iOS Manager $9,$9,StackSocial
"32GB Lenovo 10e Chromebook Tablet: 10.1"" 1920x1200 400-nit IPS, 4GB RAM",$99,Lenovo
"Logitech MX Master 3 for Business Mouse, Graphite $86.39 with Free Shipping @ Walmart.com",$86.39,Walmart
California Filaments PETG 1kg roll $15.99 (Black and Cloudy White only) (FS),$15.99,
"Lenovo Ideapad 5i 15"" Laptop, Intel i7-1165G7, 16GB Memory, 512 SSD, Windows 11 Home (82FG0163US) - $649.99",$649.99,Staples
2020 Mac Mini M1 16GB + $20 off Apple Care $789 at Adorama,$789,Adorama
Costco Members: 5TB Seagate One Touch Portable Hard Drive,$90,Costco Wholesale
"WD - Blue 4TB SATA 2.5"" Internal Solid State Drive - $290",,Best Buy
Prime Members: GL.iNet Gigabit Travel AC VPN Router,$49.40,Amazon
"ThinkBook 14s Yoga (14"") - Mineral Grey at 8.00pm ET Nov 26 $1065.4","$1,065.40",Lenovo
Enermax T.B. Silence Adv 140mm Computer Case Fan $0 After Rebate - $$0,,Newegg
Snapmaker Original 3-in-1 3D Printer $439,$439,
"Fiodio Rainbow Wired Membrane Gaming Computer Keyboard w/Wrist Rest, 1600 DPI Mouse Combo - 40% off at Amazon - $16.19",$16.19,Amazon
Amazon: Up to $110 Off ASUS Chromebooks + Free Shipping w/ Prime,$329.99,Amazon
"Blue Iris 5, NVR software for Windows $49.49 ($20 off)",$49.49,
"LG gram 17"" Intel 11th Gen Intel i7-1195G7 - 2560 x 1600 Display -  16 GB memory - 512 GB storage $1199.99 Costco $1199.99","$1,199.99",
"Amazon: Select Amex Membership Rewards Cardholders: Pay w/ Points, Get",from 15% Off,Amazon
"31.5"" BenQ EX3203R 2560x1440 HDR + FS 144Hz Curved Gaming Monitor $339 + free s/h",$339,Adorama
1TB Intel 670p NVMe SSD @B&H $82,$82,B&H Photo Video
"27"" ViewSonic ELITE XG270Q 165Hz IPS G-Sync Gaming Monitor $350 + fre s/h at B&H Photo",$350,B&H Photo Video
NZXT H1 Mini-ITX Computer Case w/ 650W 80+ Gold Fully Modular Power Supply + 140mm AIO Liquid Cooler,$180,nzxt.com
"Asus TUF Gaming Monitors: 27"" VG27AQ 165Hz QHD IPS HDR G-Sync Monitor $269, 31.5"" VG32VQ 144Hz Curved VA HDR Monitor $299 + free s/h at Adorama",$279,Adorama
VMware Black Friday sale,$139.90,VMware
Poweramp Full Version Unlocker (Android App) $2 ~ Google Play,$2,Google Play
"MSI Katana GF66 Laptop: i5-11400H, 15.6"" 144Hz, 512GB SSD, RTX 3050 + Backpack",$699,Adorama
"Lexar Professional 2000x 128GB SDXC UHS-II Card, Up To 300MB/s Read, for DSLR, Cinema-Quality Video Cameras (LSD2000128G-BNNNU) $99.99",$99.99,Amazon
2TB WD SN850 M2 NVME Internal SSD (PS5-compatible) - $319.99,$319.99,Amazon
60% off all Torguard VPN services for the next 48 hours. New customers only.,,TorGuard
LG gram 16 Intel Evo Laptop - 11th Gen Intel Core i7-1165G7 - 2560 x 1600 - 16GB memory - 512 GB storage - $1099.99 - Costco,"$1,099.99",
One Netbook ONEXPLAYER 1S Game Console PC 8.4 Inch Pocket Computer $1149.99,"$1,149.99",Geekbuying
TP link nano AC750 $29.99,$29.99,B&H Photo Video
Amazon: Up to 30% Off ASUS Gaming Peripherals + Free Shipping w/ Prime,$48.99,Amazon
Seasonic SYNCRO Q704 Case + Seasonic Syncro 750W 80+ Gold PSU $163.98,$163.98,Newegg
Civilization VI (Civ 6) 50% off IOS Base Game and  IAP expansions,,Apple App Store
AMD Ryzen 9 5900X 12-Core 3.7 GHz Desktop CPU - $478.99,$478.99,Newegg
QNAP TS-653D-4G-US 6-Bay NAS Enclosure,$550,Newegg
Epson RapidReceipt™ RR-70W Wireless Mobile Receipt and Color Document Scanner - $189.99 + $75 gift card,$189.99,Dell Technologies
Intel Core i7-11700K Unlocked Desktop Processor - 8 cores and 16 threads 735858477291 - $299.00,$299,eBay
"Samsung - Odyssey Gaming CRG5 Series 27"" Curved Monitor at Best Buy, Free Shipping, $249.99, was $399.99",$249.99,Best Buy
Asus VivoBook 14 F415EA-UB34 14 Laptop $339.99,$339.99,Microsoft Store
"Seagate barracuda 8TB, 5400 RPM, 256MB Cache $139.99",$139.99,Amazon
"Anker Docking Station, 757 Thunderbolt Docking Station (Apex, 12-in-1, Thunderbolt 4) $263.99",$263.99,Amazon
"Pixio PX278 27 inch 1440p 144Hz 1ms GTG Response Time HDR DCI-P3 95% sRGB 129% Flat AMD FreeSync Esports, 27 inch Gaming Monitor $229.99",$229.99,Newegg
Pixio PX279 Prime 27 inch 240Hz Fast IPS 1ms GTG HDR FHD 1080p FreeSync Esports IPS Gaming Monitor $249.99,$249.99,Amazon
FiLMiC Pro - 50% off - $7.99 - iOS and Android,$7.99,Apple iTunes
Kingston FURY Impact 32GB (2 x 16GB) 260-Pin DDR4 SO-DIMM DDR4 3200 (PC4 25600) Laptop Memory Model KF432S20IB1K2/32 - Newegg.com $139.99,$139.99,Newegg
Klipsch Cinema 700 3.1 Dolby ATMOS Sound Bar + Surround Sound System $549.99,$549.99,Costco Wholesale
Dell Inspiron 3880 i5 8GB 1TB Hard Drive/256GB SSD Win 10 OfficeDepot $550 $549.99,$549.99,Office Depot and OfficeMax
CORSAIR Vengeance LPX 32GB (2 x 16GB) DDR4 3600 Desktop Memory Model CMK32GX4M2D3600C18R,,Newegg
"ASUS ROG Strix Scar 15 (2021) Gaming Laptop, 15.6"" 300Hz IPS Type FHD, NVIDIA GeForce RTX 3080 (130W), AMD Ryzen 9 5900HX, 16GB DDR4, 1TB SSD, G533QS-DS96 $2,099.99","$2,199.99",
1-Year AllTrails Pro Membership Plan,$15,
LG 32GP850-B 32” Ultragear QHD (2560 x 1440) Nano IPS Gaming Monitor G-SYNC/Freesync $476.99,$476.99,Amazon
NZXT 10% OFF site wide until November 29th,,nzxt.com
128GB Samsung Pro Plus microSDXC Memory Card + Reader,$28,Amazon
MSI Optix MAG274QRF-QD $369.99,$369.99,
Android / iOS Games: XCOM Enemy Within or Sid Meier's Civilization Revolution 2,$2 each,Apple iTunes
"Lenovo IdeaPad Slim 7 Pro Multi-Touch Laptop: i7-11370H, 16GB, 512GB SSD, 14"" 2880x1800 $949 + free s/h at B&H Photo",$949,B&H Photo Video
intel LogoIntel Core i7-12700K Alder Lake 3.6GHz Twelve-Core LGA 1700 Boxed Processor - Heatsink No $369.99 (SAVE $80.00) at Microcenter B&M,$369.99,Micro Center
Samsung 980 Pro SSD 1TB M.2 NVMe - Microcenter BM $169.99,,Micro Center
"NOV 26: QNAP TR-004-US 4 Bay USB Type-C DAS Expansion with Hardware RAID (Diskless), $175",$175,Newegg
WD Blue 3D NAND 1TB Internal SSD - SATA III M.2 2280 - Newegg.com - $81.99,$81.99,Newegg
ThunderNews Usenet and VPN Black Friday Deals,,Thundernews
"Ortur Aufero Laser 1 - 7W Laser Engraving Machine 5,000mm/min 24V/2A $207",$207,
Behringer U-Control 2 In/2 Out USB/Audio Interface w/ Digital Output,$10,Sweetwater Audio
Save 33% on Scrap Mechanic on Steam $13.39,$13.39,Steam
Creality Halot Sky CL-89 Clearance $989 minus $250 coupon code $739.99,$739.99,
Western Digital 1TB NVME BLUE SN550 $83.99,$83.99,Amazon
Razer Viper Ultimate Wireless Optical Gaming Mouse $70 + Free Shipping,$70,
Limited-time deal: NETGEAR Nighthawk AX12 12-Stream Wifi 6 Router (RAX200) - AX11000 Tri-Band Wireless Speed (Up to 10.8 Gbps) | Coverage for Large Homes | 4 X 1G and 1 X - $319.00,$319,Amazon
Razer Basilisk X Hyperspeed Wireless Gaming Mouse $32.5,$32.50,Amazon
ASUS TUF Gaming Z590-Plus WiFi 6 LGA 1200 ATX Gaming Motherboard,$190,Newegg
Intel i9-12900K $620 free shipping,$620,Best Buy
EK All-in-One Liquid CPU Coolers w/ Vardar PMW Fans + Newegg Gift Cards $96.99,$96.99,Newegg
CORSAIR VENGEANCE LPX 64GB (2 x 32GB) DDR4 3200 (PC4-25600) Desktop Memory (Black) - $249.99,$249.99,Amazon
$129.99 Black Only Razer BlackShark V2 Pro Wireless Gaming Headset: THX 7.1 Spatial Surround Sound,$129.99,Amazon
"Remanufactured Ink - Kodak, Canon, HP, Epson, $7.99 - $42.99 + Free Shipping w/ Prime",$7.99,Woot!
Vostro 7500 Laptop $688.96,$688.96,Dell Technologies
The 2022 Microsoft Windows PowerShell Certification Bundle (Lifetime Access) $6,$6,StackSocial
"GIGABYTE G5 KC Laptop IPS144hz,16gb ram,3060 6gb. $999 AR",$999,Newegg
The 2022 Microsoft Windows PowerShell Certification Bundle (Lifetime Access) $6,$6,StackSocial
"GIGABYTE G5 KC Laptop IPS144hz,16gb ram,3060 6gb. $999 AR",$999,Newegg
Razer Nari Ultimate Wireless THX Spatial Audio Gaming Headset - Best Buy $113.99 ($199.99 - $80 -$6 BB member pricing) $119.99,$119.99,Best Buy
"NOV 26: Seagate Expansion 6TB Desktop External HDD w/ Rescue Data Recovery Services, $104.99",$104.99,Newegg
"ASUS VivoBook Flip 14 Laptop, 14"" FHD Touch, Intel Core i3-10110U, 4GB DDR4, 128GB SSD, Fingerprint, Windows 10 Home in S Mode, Star Gray, TP412FA-WS31T $349",$349,Walmart
HP Reverb G2 Virtual Reality Headset - $449.00 ($599.00 - $150.00) $449.99,$449.99,eBay
"Lenovo IdeaPad 5 14"" Laptop - 11th Gen Intel Core i5-1135G7 - 1080p $599.99",$599.99,Costco Wholesale
650W be quiet! Straight Power 11 80+ Platinum Modular Power Supply @Newegg $74.90,$74.90,Newegg
Netgear Nighthawk MK62 Dual-Band Mesh Wi-Fi System $120 + free s/h at B&H Photo,$120,B&H Photo Video
Setapp: 1-Year Subscription  $41.4,$41.40,StackSocial
128GB Samsung EVO Select microSDXC Memory Card + Adapter,$16,Amazon
Phanteks Enthoo Pro PH-ES614PTG_BK ATX Full Tower Computer Case @Amazon @Newegg $129.99,$129.99,Amazon
Inland 2TB SSD Gen 4.0 PCIe NVMe 4 x4 M.2 2280 TLC 3D NAND Internal SSD In-Store $229.99,$229.99,Micro Center
"Samsung EDU/EPP: 32"" Samsung Odyssey G7 2560x1440 240Hz Curved VA G-Sync Monitor",$504,Samsung
‎LumaFusion - $19.99,$19.99,Apple App Store
WD Blue SN570 (new version) 500GB 49.99 @ Amazon and Newegg,$49.99,Amazon
"EVGA Clc 360mm All-in-one RGB LED CPU Liquid Cooler, 3X FX12 120mm PWM Fans, Intel, AMD, 5 Yr Warranty, 400-Hy-CL36-V1. Free shipping with Prime $89.99",$89.99,Amazon
"Dell New Precision 5560 Workstation - Core i7-11800H - 16GB DDR4 3200Mhz, 512GB M2 - $1609","$1,609",Dell Technologies
"Lenovo Legion 5 Laptop: Ryzen 5 5600H, 17.3"" 144Hz, 8GB RAM, 256GB SSD, GTX 1650",$699,Walmart
Pixelmator Pro: macOS 50% off $19.99,$19.99,Apple App Store
UNiDAYS EDU: MX MASTER 3 with free MX TRAVEL CASE $75 at Logitech.com,$74.99,Logitech
Sovol SO-2 3in1 Laser Cutter / Laser Engraver (5W) And Pen Plotter $189,$189,
"Lenovo IdeaPad 3 15.6"" Touchscreen Laptop - 11th Gen Intel Core i5-1135G7 - 1080p - Windows 11 @$600 plus $10 Shipping and handling",$600,Costco Wholesale
Sovol SV03 3D Printer $395,$395,
"MSI MAG B550 TOMAHAWK AMD Motherboard [128GB Max Memory, PCI Express 4.0 x16, PCI Express 3.0 x16, M.2] for $139.99 w/ FS after MIR",$139.99,Newegg
"MSI GF65 Thin 10UE-092 Gaming Notebook [Intel Core i7-10750H, 8 GB RAM, 512 GB NVMe SSD, GeForce RTX 3060, 15.6"" 144hz IPS] $929",$929,Newegg
ASUS TUF 24.5” IPS FHD (240hz) 280Hz Fast 1ms G-SYNC Gaming Monitor with DisplayHDR™ 400 VG259QMY - $229,$229,Best Buy
"Lenovo IdeaPad Slim 9i: 14"" 4K IPS Touch, i7-1165G7, 16GB LPDDR4X, 512GB PCIe SSD, Thunderbolt 4, Win10 Pro @ $999.99 + F/S",$999.99,Microsoft Store
